Nota / Arquivo;Data;Fornecedor;Produto;Quantidade;Unidade;Valor Unitário (R$);Valor Total (R$)
Assai-8.pdf;01/08/2026;Assaí;MOR P NORTE 1,02kg;2;PC;16,9;33,80
Assai-8.pdf;01/08/2026;Assaí;LING SUI SADIA 700G;1;Un;16,39;16,39
Assai-8.pdf;01/08/2026;Assaí;MUSCULO RESERVA FC;0,524;Kg;37,9;19,85
Assai-8.pdf;01/08/2026;Assaí;PALETA BOVINA FC kg;1,336;Kg;39,89;53,29
Assai-8.pdf;01/08/2026;Assaí;MIOL ACEM S/O FC kg;0,58;Kg;37,9;21,98
Assai-8.pdf;01/08/2026;Assaí;TEXAS BURGUER 672G;1;Un;18,9;18,90
Assai-8.pdf;01/08/2026;Assaí;FGO BELLO SASSAM 1kg;3;Un;17,39;52,17
Assai-8.pdf;01/08/2026;Assaí;LI FGO COPAC 700G FI;1;PC;15,5;15,50
Assai-8.pdf;01/08/2026;Assaí;PURAPOLPA 100G GOIAB;4;Un;1,99;7,96
Assai-8.pdf;01/08/2026;Assaí;F PEITO SAD IQF 1kg;3;Un;20,89;62,67
Assai-8.pdf;01/08/2026;Assaí;QJ T COAL S/ESP 215G;1;Un;19,9;19,90
Assai-8.pdf;01/08/2026;Assaí;REQ CATUP ZERO 150G;1;Un;9,69;9,69
Assai-8.pdf;01/08/2026;Assaí;LI CAL D SEARA 400G;1;PC;15,09;15,09
Assai-8.pdf;01/08/2026;Assaí;MUSS Z LAC PRES 130G;1;Un;11,39;11,39
Assai-8.pdf;01/08/2026;Assaí;MORT FRIME FAT 200G;1;PC;5,89;5,89
Assai-8.pdf;01/08/2026;Assaí;IOG LIQ VIG 800G MOR;1;Un;15,39;15,39
Assai-8.pdf;01/08/2026;Assaí;MARG QUALY L CS 500G;1;Pt;11,19;11,19
Assai-8.pdf;01/08/2026;Assaí;TAPIOCA TERRINHA 1kg;2;PC;10,9;21,80
Assai-8.pdf;01/08/2026;Assaí;CAF BR POUCH 500G TR;2;PC;22,99;45,98
Assai-8.pdf;01/08/2026;Assaí;FEIJ FRAD KICALDO 1K;1;PC;9,09;9,09
Assai-8.pdf;01/08/2026;Assaí;FEIJ CARIOCA MS 1kg;1;Un;6,99;6,99
Assai-8.pdf;01/08/2026;Assaí;ARR T JOAO PARB 1kg;2;PC;4,95;9,90
Assai-8.pdf;01/08/2026;Assaí;MAC DB 500G PENNE;1;PC;4,19;4,19
Assai-8.pdf;01/08/2026;Assaí;MAC DB 500G SPAG;1;PC;4,19;4,19
Assai-8.pdf;01/08/2026;Assaí;ACHOC PO NESCAU 350G;1;Un;13,9;13,90
Assai-8.pdf;01/08/2026;Assaí;L COND PIRAC ZL 395G;2;Un;8,25;16,50
Assai-8.pdf;01/08/2026;Assaí;L PO ITAM LA 380 INT;1;La;17,9;17,90
Assai-8.pdf;01/08/2026;Assaí;CR LTE ITAL200G ZERO;3;Un;3,79;11,37
Assai-8.pdf;01/08/2026;Assaí;PASSATA SALSARET 300;5;Un;3,45;17,25
Assai-8.pdf;01/08/2026;Assaí;LTE SEMI NOLAC 1L;2;Un;6,6;13,20
Assai-8.pdf;01/08/2026;Assaí;M BARBEC EKMA 1,05kg;1;Un;10,75;10,75
Assai-8.pdf;01/08/2026;Assaí;AZ LA ESPAN EX 500ML;1;Pt;28,69;28,69
Assai-8.pdf;01/08/2026;Assaí;CATCH HEINZ 567G;1;Un;19,59;19,59
Assai-8.pdf;01/08/2026;Assaí;GUARANA ANT ZERO 2LT;1;Gf;9,29;9,29
Assai-8.pdf;01/08/2026;Assaí;PAPRICA DEF KOD 20G;1;Un;3,89;3,89
Assai-8.pdf;01/08/2026;Assaí;F LAC NESTLE 210G;1;PC;9,09;9,09
Assai-8.pdf;01/08/2026;Assaí;CHOC LACTA 98G SONHO;1;Un;4,99;4,99
Assai-8.pdf;01/08/2026;Assaí;CHOC LACTA 80G AO LE;1;Un;4,99;4,99
Assai-8.pdf;01/08/2026;Assaí;CHOC LACTA 98G OURO;1;Un;4,99;4,99
Assai-8.pdf;01/08/2026;Assaí;WAF VITARE 80G CHOC;2;Un;2,49;4,98
Assai-8.pdf;01/08/2026;Assaí;AV NAT FLOCOS 170G;1;Un;3,29;3,29
Assai-8.pdf;01/08/2026;Assaí;PALHA AMARE 400G;1;PC;16,9;16,90
Assai-8.pdf;01/08/2026;Assaí;TERERE BARAO 500G;2;Un;4,99;9,98
Assai-8.pdf;01/08/2026;Assaí;PAO PULM CHAPA 500G;1;PC;14,79;14,79
Assai-8.pdf;01/08/2026;Assaí;P HAM PUL C/GER 420G;1;Un;17,99;17,99
Assai-8.pdf;01/08/2026;Assaí;PAO ARTES INT 500G;1;PC;14,79;14,79
Assai-8.pdf;01/08/2026;Assaí;CD COLG 90G ANTI CAR;2;Un;5,59;11,18
Assai-8.pdf;01/08/2026;Assaí;SURF 900ML 5EM1 LAV;1;Un;9,69;9,69
Assai-8.pdf;01/08/2026;Assaí;AM FOFO 500ML AZ TUD;1;Un;9,39;9,39
Assai-8.pdf;01/08/2026;Assaí;ESPUMA PREST 150G;1;Un;18,9;18,90
Assai-8.pdf;01/08/2026;Assaí;AGUA SANIT YPE 1L;1;Un;4,99;4,99
Assai-8.pdf;01/08/2026;Assaí;LR MINUANO 800G AZUL;1;Un;9,59;9,59
Assai-8.pdf;01/08/2026;Assaí;SB YPE 160G NATURAL;1;Un;3,79;3,79
Assai-8.pdf;01/08/2026;Assaí;CAREFREE C/15 PROTEC;1;Un;9,65;9,65
Assai-8.pdf;01/08/2026;Assaí;ABS S LIVRADAPT /16;1;PC;10,99;10,99
Assai-8.pdf;01/08/2026;Assaí;LIMPOL 500ML LAVANDE;1;Un;5,1;5,10
Assai-8.pdf;01/08/2026;Assaí;SBT PHEBO 90G FRESC;1;Un;4,55;4,55
Assai-8.pdf;01/08/2026;Assaí;SBT LUX 85G LIRIO AZ;1;Un;2,49;2,49
Assai-8.pdf;01/08/2026;Assaí;DET LIMPOL 500ML CRI;2;Un;2,09;4,18
Assai-8.pdf;01/08/2026;Assaí;SER DOV 245ML RE+FIR;1;Un;38,19;38,19
Assai-8.pdf;01/08/2026;Assaí;ESP BRILHUS LV4PG3;1;Un;5,19;5,19
Assai-8.pdf;01/08/2026;Assaí;PH FLORAL 20M C/12 N;1;Un;9,9;9,90
Assai-8.pdf;01/08/2026;Assaí;LISTERINE 500ML MELA;1;Un;16,9;16,90
Assai-9.pdf;04/09/2026;Assaí;TEXAS BURGUER 672G;1;Un;24,39;24,39
Assai-9.pdf;04/09/2026;Assaí;MUSS Z LAC PRES 130G;4;Un;12,29;49,16
Assai-9.pdf;04/09/2026;Assaí;PRES AURORA FAT 180G;1;Un;7,75;7,75
Assai-9.pdf;04/09/2026;Assaí;MORT BOL AURORA 180G;1;Un;6,55;6,55
Assai-9.pdf;04/09/2026;Assaí;PURAPOLPA 100G GOIAB;4;Un;2,05;8,20
Assai-9.pdf;04/09/2026;Assaí;RQ BATAVO ZERO 400G;1;Un;18,99;18,99
Assai-9.pdf;04/09/2026;Assaí;FILE PEITO SEARA 1kg;4;PC;17,9;71,60
Assai-9.pdf;04/09/2026;Assaí;MOR P NORTE 1,02kg;1;PC;14,9;14,90
Assai-9.pdf;04/09/2026;Assaí;SASSAMI PERDI 1kg;1;PC;15,9;15,90
Assai-9.pdf;04/09/2026;Assaí;CORD F MIG FRIBOI kg;1,392;Kg;35,9;49,97
Assai-9.pdf;04/09/2026;Assaí;CAPA COXAO MOLE kg;1,378;Kg;32,9;45,33
Assai-9.pdf;04/09/2026;Assaí;SASSAMI PERDI 1kg;3;PC;15,9;47,70
Assai-9.pdf;04/09/2026;Assaí;CAPA COXAO MOLE kg;1,256;Kg;32,9;41,32
Assai-9.pdf;04/09/2026;Assaí;COST SEARA 1kg BARB;1;PC;69,9;69,90
Assai-9.pdf;04/09/2026;Assaí;PURAPOLPA 100G MARAC;4;PC;4,19;16,76
Assai-9.pdf;04/09/2026;Assaí;LING SUI SADIA 700G;1;Un;16,59;16,59
Assai-9.pdf;04/09/2026;Assaí;LING SUI SADIA 700G;1;Un;16,59;16,59
Assai-9.pdf;04/09/2026;Assaí;UVA BRANCA BJ 500G;1;Un;8,99;8,99
Assai-9.pdf;04/09/2026;Assaí;ALFACE CRESPA;1;PC;4,49;4,49
Assai-9.pdf;04/09/2026;Assaí;IOG LIQ VIG 800G MOR;1;Un;13,49;13,49
Assai-9.pdf;04/09/2026;Assaí;IOG LIQ VIG 800G MOR;1;Un;13,49;13,49
Assai-9.pdf;04/09/2026;Assaí;MAMAO FORMOSA kg;0,995;Kg;7,49;7,45
Assai-9.pdf;04/09/2026;Assaí;CEBOLA NAC kg;0,465;Kg;4,79;2,22
Assai-9.pdf;04/09/2026;Assaí;TOMATE SALADA kg;0,67;Kg;6,79;4,54
Assai-9.pdf;04/09/2026;Assaí;BATATA DOCE ROSA;0,925;Kg;4,59;4,24
Assai-9.pdf;04/09/2026;Assaí;LING T CALA SAD 400G;1;PC;14,45;14,45
Assai-9.pdf;04/09/2026;Assaí;LTE SEMI NOLAC 1L;3;Un;5,39;16,17
Assai-9.pdf;04/09/2026;Assaí;MAC DB 500G SPAG;1;PC;4,19;4,19
Assai-9.pdf;04/09/2026;Assaí;MAC DB 500G PENNE;1;PC;4,19;4,19
Assai-9.pdf;04/09/2026;Assaí;LASANHA DBENTA 200G;1;Un;4,69;4,69
Assai-9.pdf;04/09/2026;Assaí;TAPIOCA TERRINHA 1kg;1;PC;10,9;10,90
Assai-9.pdf;04/09/2026;Assaí;TAPIOCA TERRINHA 1kg;1;PC;10,9;10,90
Assai-9.pdf;04/09/2026;Assaí;FLOCAO D CLARA 500G;1;PC;2,19;2,19
Assai-9.pdf;04/09/2026;Assaí;CAFE 3 COR 500G TRAD;1;PC;21,9;21,90
Assai-9.pdf;04/09/2026;Assaí;CAFE 3 COR 500G TRAD;1;PC;21,9;21,90
Assai-9.pdf;04/09/2026;Assaí;MEL HOLANDA 200G;1;Un;13,5;13,50
Assai-9.pdf;04/09/2026;Assaí;F LACTEA NESTLE 600G;1;PC;24,19;24,19
Assai-9.pdf;04/09/2026;Assaí;L PO ITAM SC 400 INT;1;PC;15,95;15,95
Assai-9.pdf;04/09/2026;Assaí;CHOC LAC 80G DIAM NE;1;Un;7,99;7,99
Assai-9.pdf;04/09/2026;Assaí;CHOC LACTA 98G SONHO;1;Un;7,99;7,99
Assai-9.pdf;04/09/2026;Assaí;CHOC LACTA 145G AMAR;1;Un;13,99;13,99
Assai-9.pdf;04/09/2026;Assaí;PASSATA FUGINI 300G;5;Un;4,49;22,45
Assai-9.pdf;04/09/2026;Assaí;SAL MIRAMAR 1kg;1;PC;2,39;2,39
Assai-9.pdf;04/09/2026;Assaí;PALHA AMARELINH 200G;1;Un;9,9;9,90
Assai-9.pdf;04/09/2026;Assaí;ARR CORADIN PARB 1kg;1;Un;4,89;4,89
Assai-9.pdf;04/09/2026;Assaí;PAPRICA DEF KOD 20G;1;Un;3,89;3,89
Assai-9.pdf;04/09/2026;Assaí;PAPRICA DEF KOD 20G;1;Un;3,89;3,89
Assai-9.pdf;04/09/2026;Assaí;TEMP KITANO 40G CAR;1;Un;6,69;6,69
Assai-9.pdf;04/09/2026;Assaí;ARROZ TIO URBANO 1kg;1;PC;4,69;4,69
Assai-9.pdf;04/09/2026;Assaí;PAO PULM CHAPA 500G;1;PC;14,98;14,98
Assai-9.pdf;04/09/2026;Assaí;PAO FOR PUL 500G ART;1;PC;14,98;14,98
Assai-9.pdf;04/09/2026;Assaí;PAO FOR PUL 500G ART;1;PC;14,98;14,98
Assai-9.pdf;04/09/2026;Assaí;FAR P DATERR400G TRA;1;PC;6,25;6,25
Assai-9.pdf;04/09/2026;Assaí;L COND ITAL Z L 395G;1;Un;9,19;9,19
Assai-9.pdf;04/09/2026;Assaí;BISAO 201,6G LEITE;1;Un;10,9;10,90
Assai-9.pdf;04/09/2026;Assaí;TOA PIQUIT HIDR C140;1;Un;9,9;9,90
Assai-9.pdf;04/09/2026;Assaí;DOVE SH350+CO150 BON;1;Un;28,79;28,79
Assai-9.pdf;04/09/2026;Assaí;COND DOVE 250ML BOND;1;Un;29,19;29,19
Assai-9.pdf;04/09/2026;Assaí;SBT PHEBO 90G T LAV;1;Un;4,55;4,55
Assai-9.pdf;04/09/2026;Assaí;SBT GRAN CALEND 90G;1;Un;6,19;6,19
Assai-9.pdf;04/09/2026;Assaí;MASC TRA PANT 270ML;1;Un;32,9;32,90
Assai-9.pdf;04/09/2026;Assaí;ABS S LIVRADAPT /16;1;PC;10,99;10,99
Assai-9.pdf;04/09/2026;Assaí;OLEO BAN DAB 200ML M;1;Un;23,9;23,90
Assai-9.pdf;04/09/2026;Assaí;SH OX 400ML ANTIQUED;1;Un;30,19;30,19
Assai-9.pdf;04/09/2026;Assaí;PH FLORAL 20M C/12 N;1;Un;11,8;11,80
Assai-9.pdf;04/09/2026;Assaí;CAREFREE C/15 PROTEC;1;Un;9,65;9,65
Assai-9.pdf;04/09/2026;Assaí;ESPONJA ASSOLAN C/8;1;Un;1,89;1,89
Assai-9.pdf;04/09/2026;Assaí;LIMP MULTI 500ML ESS;1;Un;4,75;4,75
Assai-9.pdf;04/09/2026;Assaí;DET LIMPOL 500ML LIM;1;Un;2,85;2,85
Assai-9.pdf;04/09/2026;Assaí;L ALUM TRIEX 500ML;1;Fr;4,4;4,40
Assai-9.pdf;04/09/2026;Assaí;AP PRESTOB NEW C/2;1;Ct;18,2;18,20
Assai-9.pdf;04/09/2026;Assaí;TOALHA SOCIAL 50F C2;1;PC;5,29;5,29
Assai-9.pdf;04/09/2026;Assaí;GUARANA ANT ZERO 2LT;1;Gf;9,29;9,29
Frutaria Julio-7-2.pdf;11/07/2026;Frutaria Julio;BANANA PRATA;1,154;KG;11,9;13,73
Frutaria Julio-7-2.pdf;11/07/2026;Frutaria Julio;PRODUTOS 4,99;1;UN;4,99;4,99
Frutaria Julio-7-2.pdf;11/07/2026;Frutaria Julio;ALFACE HIDROPONICO;1;UN;3;3,00
Frutaria Julio-7-2.pdf;11/07/2026;Frutaria Julio;PACOTE DIVERSOS;5;UN;1;5,00
Frutaria Julio-7-2.pdf;11/07/2026;Frutaria Julio;TOMATE LONGA VIDA;0,632;KG;4,99;3,15
Frutaria Julio-7-3.pdf;19/07/2026;Frutaria Julio;LIMAO;0,202;KG;6,99;1,41
Frutaria Julio-7-3.pdf;19/07/2026;Frutaria Julio;BANANA PRATA;1,184;KG;11,9;14,09
Frutaria Julio-7-3.pdf;19/07/2026;Frutaria Julio;MAMAO FORMOSA;0,84;KG;5,99;5,03
Frutaria Julio-7-3.pdf;19/07/2026;Frutaria Julio;TOMATE LONGA VIDA;0,63;KG;3,99;2,51
Frutaria Julio-7-3.pdf;19/07/2026;Frutaria Julio;CHEIRO VERDE;1;UN;1,75;1,75
Frutaria Julio-7-3.pdf;19/07/2026;Frutaria Julio;ALFACE HIDROPONICO;1;UN;3;3,00
Frutaria Julio-7-3.pdf;19/07/2026;Frutaria Julio;PRODUTOS 4,99;1;UN;4,99;4,99
Frutaria Julio-7-3.pdf;19/07/2026;Frutaria Julio;REPOLHO ROXO;0,428;KG;11,9;5,09
Frutaria Julio-7-3.pdf;19/07/2026;Frutaria Julio;PACOTE DIVERSOS;3;UN;1;3,00
Frutaria Julio-7-4.pdf;24/07/2026;Frutaria Julio;BANANA PRATA;1,354;KG;11,9;16,11
Frutaria Julio-7-4.pdf;24/07/2026;Frutaria Julio;TOMATE LONGA VIDA;0,654;KG;4,99;3,26
Frutaria Julio-7-4.pdf;24/07/2026;Frutaria Julio;PACOTE DIVERSOS;8;UN;1;8,00
Frutaria Julio-7-4.pdf;24/07/2026;Frutaria Julio;ALFACE HIDROPONICO;1;UN;3;3,00
Frutaria Julio-8-1.pdf;08/08/2026;Frutaria Julio;CHEIRO VERDE;1;UN;1,5;1,50
Frutaria Julio-8-1.pdf;08/08/2026;Frutaria Julio;ALFACE HIDROPONICO;1;UN;3;3,00
Frutaria Julio-8-1.pdf;08/08/2026;Frutaria Julio;PACOTE DIVERSOS;5;UN;1;5,00
Frutaria Julio-8-1.pdf;08/08/2026;Frutaria Julio;BANANA PRATA;0,992;KG;11,9;11,80
Frutaria Julio-8-2.pdf;22/08/2026;Frutaria Julio;ALHO DESCASCADO 200G;1;UN;8,99;8,99
Frutaria Julio-8-2.pdf;22/08/2026;Frutaria Julio;PACOTES 2,00;1;UN;2;2,00
Frutaria Julio-8-2.pdf;22/08/2026;Frutaria Julio;PACOTE DIVERSOS;2;UN;1;2,00
Frutaria Julio-8-2.pdf;22/08/2026;Frutaria Julio;ALFACE CRESPA;1;UN;2;2,00
Frutaria Julio-8-2.pdf;22/08/2026;Frutaria Julio;COENTRO;1;UN;2;2,00
Frutaria Julio-8-2.pdf;22/08/2026;Frutaria Julio;PACOTE DIVERSOS;3;UN;1;3,00
Frutaria Julio-8-2.pdf;22/08/2026;Frutaria Julio;PRODUTOS 4,99;1;UN;4,99;4,99
Frutaria Julio-8-2.pdf;22/08/2026;Frutaria Julio;BANANA PRATA;1,146;KG;11,9;13,64
Frutaria Julio-8-3.pdf;28/08/2026;Frutaria Julio;BANDEJA MACA;1;UN;4,99;4,99
Frutaria Julio-8-3.pdf;28/08/2026;Frutaria Julio;CEBOLA ROXA/BRANCA PACOTE 400G;1;UN;5,99;5,99
Frutaria Julio-8-3.pdf;28/08/2026;Frutaria Julio;UVA THOMPSON BANDEJA;1;UN;13,9;13,90
Frutaria Julio-8-3.pdf;28/08/2026;Frutaria Julio;MAMAO FORMOSA;0,614;KG;7,99;4,91
Frutaria Julio-8-3.pdf;28/08/2026;Frutaria Julio;PACOTE DIVERSOS;1;UN;1;1,00
Frutaria Julio-8-3.pdf;28/08/2026;Frutaria Julio;TOMATE LONGA VIDA;0,702;KG;9,9;6,95
Frutaria Julio-8-3.pdf;28/08/2026;Frutaria Julio;CHEIRO VERDE;1;UN;1,5;1,50
Frutaria Julio-8-3.pdf;28/08/2026;Frutaria Julio;ALFACE CRESPA;1;UN;2,5;2,50
Frutaria Julio-9-1.pdf;13/09/2026;Frutaria Julio;BANANA PRATA;1,186;KG;11,9;14,11
Frutaria Julio-9-1.pdf;13/09/2026;Frutaria Julio;CEBOLA ROXA/BRANCA PACOTE 400G;1;UN;5,99;5,99
Frutaria Julio-9-1.pdf;13/09/2026;Frutaria Julio;PACOTE DIVERSOS;5;UN;1;5,00
Frutaria Julio-9-1.pdf;13/09/2026;Frutaria Julio;MAMAO FORMOSA;0,75;KG;7,99;5,99
Frutaria Julio-9-1.pdf;13/09/2026;Frutaria Julio;UVA THOMPSON BANDEJA;1;UN;8,99;8,99
Frutaria Julio-9-1.pdf;13/09/2026;Frutaria Julio;PACOTE DIVERSOS;4;UN;1;4,00
Frutaria Julio-9-1.pdf;13/09/2026;Frutaria Julio;CHEIRO VERDE;1;UN;1,5;1,50
Frutaria Julio-9-1.pdf;13/09/2026;Frutaria Julio;ALFACE CRESPA;1;UN;2,5;2,50
Frutaria Julio-9-2.pdf;18/09/2026;Frutaria Julio;BANDEJA MACA;1;UN;4,99;4,99
Frutaria Julio-9-2.pdf;18/09/2026;Frutaria Julio;CEBOLA ROXA/BRANCA PACOTE 400G;1;UN;5,99;5,99
Frutaria Julio-9-2.pdf;18/09/2026;Frutaria Julio;PACOTE DIVERSOS;3;UN;1;3,00
Frutaria Julio-9-2.pdf;18/09/2026;Frutaria Julio;TOMATE SALADETE;0,458;KG;5,99;2,74
Frutaria Julio-9-2.pdf;18/09/2026;Frutaria Julio;MAMAO FORMOSA;1,592;KG;3,99;6,35
Frutaria Julio-9-2.pdf;18/09/2026;Frutaria Julio;ALFACE CRESPA;1;UN;2,5;2,50
Frutaria Julio-9-2.pdf;18/09/2026;Frutaria Julio;ALHO PACOTE;1;UN;5,5;5,50
Frutaria Julio-9-3.pdf;25/09/2026;Frutaria Julio;MAMAO FORMOSA;0,644;KG;5,99;3,86
Frutaria Julio-9-3.pdf;25/09/2026;Frutaria Julio;TOMATE SALADETE;0,592;KG;5,99;3,55
Frutaria Julio-9-3.pdf;25/09/2026;Frutaria Julio;CHEIRO VERDE;1;UN;1,5;1,50
Frutaria Julio-9-3.pdf;25/09/2026;Frutaria Julio;ALFACE CRESPA;1;UN;2,5;2,50
Frutaria Julio-9-3.pdf;25/09/2026;Frutaria Julio;ALFACE HIDROPONICO;1;UN;3;3,00
Frutaria Julio-9-3.pdf;25/09/2026;Frutaria Julio;PRODUTOS 4,99;1;UN;4,99;4,99
Frutaria Julio-9-3.pdf;25/09/2026;Frutaria Julio;CEBOLA ROXA/BRANCA PACOTE 400G;1;UN;5,99;5,99
Frutaria Julio-9-3.pdf;25/09/2026;Frutaria Julio;PACOTE DIVERSOS;1;UN;1;1,00
Frutaria Julio-9-3.pdf;25/09/2026;Frutaria Julio;MELANCIA BABY;1,039;KG;6,99;7,26
Legal-7-2.pdf;11/07/2026;Legal;PAO FRANCES KG;0,275;KG;17,99;4,95
Legal-7-2.pdf;11/07/2026;Legal;ARROZ TIO URBA PARB TP;1;UN;4,99;4,99
Legal-7-2.pdf;11/07/2026;Legal;PRES FRIMESA FAT 200G;1;UN;8,79;8,79
Legal-7-2.pdf;11/07/2026;Legal;MORTAD AURORA FAT 180G;1;UN;6,99;6,99
Legal-7-2.pdf;11/07/2026;Legal;LEMON PEPP KODI FR 40G;1;UN;8,75;8,75
Legal-7-3.pdf;19/07/2026;Legal;MOLHO DAJUDA BARB 400G;1;UN;8,99;8,99
Legal-7-3.pdf;19/07/2026;Legal;LEIT HID PAIXAO BAUNIL;1;UN;12,79;12,79
Legal-7-3.pdf;19/07/2026;Legal;ACAFRAO KODILAR 50G;1;UN;6,99;6,99
Legal-7-3.pdf;19/07/2026;Legal;MARG SAD QUALY S/S 250;1;UN;6,49;6,49
Legal-7-3.pdf;19/07/2026;Legal;QJO MUS AUR Z LAC 150G;1;UN;12,99;12,99
Legal-7-4.pdf;21/07/2026;Legal;LEITE L V PAR ZYMIL 1L;1;UN;6,99;6,99
Legal-7-4.pdf;21/07/2026;Legal;CR LEITE NESTLE ZR 200;1;UN;7,99;7,99
Legal-7-4.pdf;21/07/2026;Legal;CR LEITE NESTLE ZR 200;1;UN;7,99;7,99
Legal-7-4.pdf;21/07/2026;Legal;HAMB AURORA FAROES 90G;1;UN;2,79;2,79
Legal-7-4.pdf;21/07/2026;Legal;HAMB AURORA FAROES 90G;1;UN;2,79;2,79
Legal-7-4.pdf;21/07/2026;Legal;HAMB AURORA FAROES 90G;1;UN;2,79;2,79
Legal-7-4.pdf;21/07/2026;Legal;HAMB AURORA FAROES 90G;1;UN;2,79;2,79
Legal-7-4.pdf;21/07/2026;Legal;HAMB AURORA FAROES 90G;1;UN;2,79;2,79
Legal-7-4.pdf;21/07/2026;Legal;HAMB AURORA FAROES 90G;1;UN;2,79;2,79
Legal-7-5.pdf;24/07/2026;Legal;PAO FRANCES KG;0,42;KG;17,99;7,56
Legal-7-5.pdf;24/07/2026;Legal;MAC GALO ESPAG SEM 08;1;UN;4,39;4,39
Legal-7-5.pdf;24/07/2026;Legal;REQ QUALICOCO TRAD 200;1;UN;8,99;8,99
Legal-7-5.pdf;24/07/2026;Legal;PASSAT SACCI STUP 300G;1;UN;4,49;4,49
Legal-7-5.pdf;24/07/2026;Legal;REFR ANTARC GUAR ZER 2;1;UN;10,49;10,49
Legal-7-5.pdf;24/07/2026;Legal;FILEZ SEARA SASSAM BJA;1;UN;22,9;22,90
Legal-7-5.pdf;24/07/2026;Legal;FILEZ SEARA SASSAM BJA;1;UN;22,9;22,90
Legal-7-5.pdf;24/07/2026;Legal;FILEZ SEARA SASSAM BJA;1;UN;22,9;22,90
Legal-7-5.pdf;24/07/2026;Legal;HAMB AURORA FAROES 90G;1;UN;2,79;2,79
Legal-7-5.pdf;24/07/2026;Legal;HAMB AURORA FAROES 90G;1;UN;2,79;2,79
Legal-7-5.pdf;24/07/2026;Legal;HAMB AURORA FAROES 90G;1;UN;2,79;2,79
Legal-7-5.pdf;24/07/2026;Legal;HAMB AURORA FAROES 90G;1;UN;2,79;2,79
Legal-7-5.pdf;24/07/2026;Legal;HAMB AURORA FAROES 90G;1;UN;2,79;2,79
Legal-7-5.pdf;24/07/2026;Legal;HAMB AURORA FAROES 90G;1;UN;2,79;2,79
Legal-7-5.pdf;24/07/2026;Legal;ALHO GRANEL KG;0,045;KG;33,9;1,53
Legal-7-5.pdf;24/07/2026;Legal;LING CHURR AURORA KG;1,064;KG;16,99;18,08
Legal-7-5.pdf;24/07/2026;Legal;APRES PERD FAT 200G;1;UN;8,99;8,99
Legal-7-5.pdf;24/07/2026;Legal;QJO MUS AUR Z LAC 150G;1;UN;12,99;12,99
Legal-8-1.pdf;02/08/2026;Legal;MAND AMARELINHA 1KG;1;UN;8,49;8,49
Legal-8-1.pdf;02/08/2026;Legal;ALFACE CRESPA MORARI;1;UN;3,99;3,99
Legal-8-1.pdf;02/08/2026;Legal;PILHA ALC RAYOVAC PAL;1;UN;15,99;15,99
Legal-8-1.pdf;02/08/2026;Legal;BANANA PRATA KG;0,47;KG;14,98;7,04
Legal-8-1.pdf;02/08/2026;Legal;CEBOLA NACIONAL KG;0,665;KG;8,99;5,98
Legal-8-1.pdf;02/08/2026;Legal;ALHO GRANEL KG;0,035;KG;33,9;1,19
Legal-8-1.pdf;02/08/2026;Legal;MAMAO FORMOSA KG;1,02;KG;5,98;6,10
Legal-8-2.pdf;08/08/2026;Legal;QJO MUS PRE Z LAC 150G;1;UN;12,99;12,99
Legal-8-2.pdf;08/08/2026;Legal;PRES AURORA FAT 180G;1;UN;9,98;9,98
Legal-8-3.pdf;22/08/2026;Legal;MORTAD SEARA TRAD 180G;1;UN;8,49;8,49
Legal-8-3.pdf;22/08/2026;Legal;REQ QUALICOCO TRAD 200;1;UN;8,99;8,99
Legal-8-3.pdf;22/08/2026;Legal;LEITE PIRACANJUBA 1L;1;UN;8,29;8,29
Legal-8-3.pdf;22/08/2026;Legal;PAO FRANCES KG;0,32;KG;17,99;5,76
Legal-8-3.pdf;22/08/2026;Legal;PAO PULLM FORMA ARTE 5;1;UN;17,99;17,99
Legal-8-3.pdf;22/08/2026;Legal;MAMAO FORMOSA KG;1,18;KG;5,98;7,06
Legal-8-3.pdf;22/08/2026;Legal;REFIG COCA ZERO 1,5L;1;UN;9,98;9,98
Legal-8-4.pdf;28/08/2026;Legal;MAC DALLAS ESPAG SEM 5;1;UN;4,79;4,79
Legal-8-4.pdf;28/08/2026;Legal;LEITE PIRACANJUBA 1L;1;UN;8,29;8,29
Legal-8-4.pdf;28/08/2026;Legal;PASSATA FUGINI 300G;1;UN;5,49;5,49
Legal-8-4.pdf;28/08/2026;Legal;PAO FRANCES KG;0,275;KG;17,99;4,95
Legal-8-4.pdf;28/08/2026;Legal;LAGARTO KG;0,526;KG;42,98;22,61
Legal-8-4.pdf;28/08/2026;Legal;HAMB AURORA FAROES 90G;1;UN;2,79;2,79
Legal-8-4.pdf;28/08/2026;Legal;HAMB AURORA FAROES 90G;1;UN;2,79;2,79
Legal-8-4.pdf;28/08/2026;Legal;HAMB AURORA FAROES 90G;1;UN;2,79;2,79
Legal-8-4.pdf;28/08/2026;Legal;HAMB AURORA FAROES 90G;1;UN;2,79;2,79
Legal-8-4.pdf;28/08/2026;Legal;APRES FRIM FATIADO 200;1;UN;7,49;7,49
Legal-8-4.pdf;28/08/2026;Legal;QJO MUS PRE Z LAC 130G;1;UN;12,99;12,99
Legal-8-4.pdf;28/08/2026;Legal;QJO MUS PRE Z LAC 130G;1;UN;12,99;12,99
Legal-8-4.pdf;28/08/2026;Legal;SOBRECOXA SEARA BAND 1;1;UN;17,99;17,99
Legal-8-4.pdf;28/08/2026;Legal;REFR ANTARC GUAR ZR 1L;1;UN;3,99;3,99
Legal-8-4.pdf;28/08/2026;Legal;PAO PULLM FORMA TRAD;1;UN;10,69;10,69
Legal-9-1.pdf;18/09/2026;Legal;PIC MULT PERF CHOC 400;1;UN;19,9;19,90
Legal-9-1.pdf;18/09/2026;Legal;MAND AMARELINHA 1KG;1;UN;8,49;8,49
Legal-9-1.pdf;18/09/2026;Legal;MORTAD AURORA FAT 180G;1;UN;6,99;6,99
Legal-9-1.pdf;18/09/2026;Legal;HAMB AURORA FAROES 90G;6;UN;2,79;16,74
Legal-9-1.pdf;18/09/2026;Legal;REFR ANTARC GUAR ZR 1L;1;UN;4,79;4,79
Legal-9-1.pdf;18/09/2026;Legal;ARROZ TIO URBA PARB TP;1;UN;5,99;5,99
Legal-9-1.pdf;18/09/2026;Legal;CR LEITE PIRA Z 200G;1;UN;4,99;4,99
Legal-9-1.pdf;18/09/2026;Legal;CR LEITE PIRA Z 200G;1;UN;4,99;4,99
Legal-9-1.pdf;18/09/2026;Legal;BANANA PRATA KG;1,06;KG;14,98;15,88
Legal-9-2.pdf;25/09/2026;Legal;PAO FRANCES KG;0,275;KG;18,99;5,22
Legal-9-2.pdf;25/09/2026;Legal;CHOC DISQUET DORI 60G;1;UN;8,89;8,89
Legal-9-2.pdf;25/09/2026;Legal;ACUCAR UNIAO REFINADO;1;UN;6,99;6,99
Legal-9-2.pdf;25/09/2026;Legal;BANANA PRATA KG;1,535;KG;14,98;22,99
Legal-9-2.pdf;25/09/2026;Legal;CAMARAO COPACOL 200G;1;UN;15,99;15,99
Legal-9-2.pdf;25/09/2026;Legal;CAMARAO COPACOL 200G;1;UN;15,99;15,99
Legal-9-2.pdf;25/09/2026;Legal;HAMB AURORA FAROES 90G;1;UN;2,79;2,79
Legal-9-2.pdf;25/09/2026;Legal;HAMB AURORA FAROES 90G;1;UN;2,79;2,79
Legal-9-2.pdf;25/09/2026;Legal;HAMB AURORA FAROES 90G;1;UN;2,79;2,79
Legal-9-2.pdf;25/09/2026;Legal;HAMB AURORA FAROES 90G;1;UN;2,79;2,79
Legal-9-2.pdf;25/09/2026;Legal;HAMB AURORA FAROES 90G;1;UN;2,79;2,79
Legal-9-2.pdf;25/09/2026;Legal;HAMB AURORA FAROES 90G;1;UN;2,79;2,79
Legal-9-2.pdf;25/09/2026;Legal;APRES FRIM FATIADO 200;1;UN;7,99;7,99
Legal-9-2.pdf;25/09/2026;Legal;MORTAD AURORA FAT 180G;1;UN;6,99;6,99
Legal-9-2.pdf;25/09/2026;Legal;FILE P FGO SEARA B 1KG;1;BD;25,9;25,90
Legal-9-2.pdf;25/09/2026;Legal;MARG QUALY LIG C/SAL 5;1;UN;11,79;11,79
Atacadao-10.pdf;02/10/2026;Atacadão;FILE PEITO COPACOL;4;BDJ;22,9;91,60
Atacadao-10.pdf;02/10/2026;Atacadão;CAMARAO INT.COPACOL;3;UND;14,9;44,70
Atacadao-10.pdf;02/10/2026;Atacadão;FRALDINHA FRIBOI;1,13;KG;39,9;45,09
Atacadao-10.pdf;02/10/2026;Atacadão;FRALDINHA FRIBOI;1,176;KG;39,9;46,92
Atacadao-10.pdf;02/10/2026;Atacadão;CAPA FILE DO CHEF;1,096;KG;44,9;49,21
Atacadao-10.pdf;02/10/2026;Atacadão;CAPA FILE DO CHEF;1,27;KG;44,9;57,02
Atacadao-10.pdf;02/10/2026;Atacadão;FILEZINHO COPACOL;5;PCT;14,89;74,45
Atacadao-10.pdf;02/10/2026;Atacadão;LING.SUINA SEARA;1;UND;17,5;17,50
Atacadao-10.pdf;02/10/2026;Atacadão;POLPA NORTE;1;UND;1,99;1,99
Atacadao-10.pdf;02/10/2026;Atacadão;POLPA NORTE;1;UND;2,49;2,49
Atacadao-10.pdf;02/10/2026;Atacadão;POLPA NORTE;4;UND;1,99;7,96
Atacadao-10.pdf;02/10/2026;Atacadão;POLPA NORTE;2;UND;1,99;3,98
Atacadao-10.pdf;02/10/2026;Atacadão;REQ.BATAVO LIGHT;1;UND;18,9;18,90
Atacadao-10.pdf;02/10/2026;Atacadão;RF.SORV.FAZ.FESTA;1;UND;17,9;17,90
Atacadao-10.pdf;02/10/2026;Atacadão;HAMB.TEXAS BOV.SEARA;1;CXT;24,9;24,90
Atacadao-10.pdf;02/10/2026;Atacadão;QJO MUSS.ZERO LAC;5;UND;10,9;54,50
Atacadao-10.pdf;02/10/2026;Atacadão;RF.SALSICHA AURORA;1;PCT;11,9;11,90
Atacadao-10.pdf;02/10/2026;Atacadão;APRES.PERDIGAO FAT;2;UND;7,9;15,80
Atacadao-10.pdf;02/10/2026;Atacadão;MORT.SEARA FAT.;1;UND;2,99;2,99
Atacadao-10.pdf;02/10/2026;Atacadão;IOG.VIGOR Z.BATIDO;1;UND;19,9;19,90
Atacadao-10.pdf;02/10/2026;Atacadão;MOLICO MGO ZERO;2;UND;16,99;33,98
Atacadao-10.pdf;02/10/2026;Atacadão;CAFE BRASILEIRO;2;PCT;24,9;49,80
Atacadao-10.pdf;02/10/2026;Atacadão;GOMA MANDIOCA TERRIN;2;UND;9,5;19,00
Atacadao-10.pdf;02/10/2026;Atacadão;FAR.MAND.DONANA;1;PCT;6,99;6,99
Atacadao-10.pdf;02/10/2026;Atacadão;MAC.D.BENTA OVO;1;PCT;4,45;4,45
Atacadao-10.pdf;02/10/2026;Atacadão;LASANHA BARILLA;1;UND;7,59;7,59
Atacadao-10.pdf;02/10/2026;Atacadão;MAC.D.BENTA PENA;1;UND;4,45;4,45
Atacadao-10.pdf;02/10/2026;Atacadão;MAC.INST.NISSINC.NO;1;UND;4,8;4,80
Atacadao-10.pdf;02/10/2026;Atacadão;UVA VERDE;1;BDJ;4,9;4,90
Atacadao-10.pdf;02/10/2026;Atacadão;MAC.INST.NISSIN;1;UND;4,8;4,80
Atacadao-10.pdf;02/10/2026;Atacadão;BATATA AMARELINHA;1;UND;8,99;8,99
Atacadao-10.pdf;02/10/2026;Atacadão;FEIJAO KICALDO FRAD.;1;PCT;8,69;8,69
Atacadao-10.pdf;02/10/2026;Atacadão;ARROZ URBANO PARB.T1;1;PCT;4,59;4,59
Atacadao-10.pdf;02/10/2026;Atacadão;ARROZ TIO JOAO AG.T1;1;PCT;6,49;6,49
Atacadao-10.pdf;02/10/2026;Atacadão;FEIJAO VO CEIA T.2;1;PCT;6,49;6,49
Atacadao-10.pdf;02/10/2026;Atacadão;EXTRATO FUGINI;5;UND;3,1;15,50
Atacadao-10.pdf;02/10/2026;Atacadão;LEITE PO ITAMBE;1;UND;18,99;18,99
Atacadao-10.pdf;02/10/2026;Atacadão;CR.LEITE NESTLE ZERO;4;UND;6,59;26,36
Atacadao-10.pdf;02/10/2026;Atacadão;L.COND.ITALAC ZERO L;2;UND;7,9;15,80
Atacadao-10.pdf;02/10/2026;Atacadão;CATCHUP HEMMER ZERO;1;UND;11,9;11,90
Atacadao-10.pdf;02/10/2026;Atacadão;REF.COCA-COLA ZERO;1;UND;9,79;9,79
Atacadao-10.pdf;02/10/2026;Atacadão;REF.ANTARCT.GUAR.ZER;2;GFA;4,59;9,18
Atacadao-10.pdf;02/10/2026;Atacadão;ADOC.ADOCYL SUCRAL.;1;UND;7,49;7,49
Atacadao-10.pdf;02/10/2026;Atacadão;OLEO GIRASSOL;1;UND;13,82;13,82
Atacadao-10.pdf;02/10/2026;Atacadão;AZEITE ANDOR.EX.VIRG;1;UND;19,9;19,90
Atacadao-10.pdf;02/10/2026;Atacadão;MIX P/FRANGO KITANO;1;UND;5,65;5,65
Atacadao-10.pdf;02/10/2026;Atacadão;BEB.LACTEA ITALAC TP;4;UND;1,15;4,60
Atacadao-10.pdf;02/10/2026;Atacadão;CHOC.GAROTO BATON;1;UND;8,99;8,99
Atacadao-10.pdf;02/10/2026;Atacadão;CHOC.LACTA;1;UND;6,99;6,99
Atacadao-10.pdf;02/10/2026;Atacadão;CHOC.LACTA D.NEGRO;1;UND;6,99;6,99
Atacadao-10.pdf;02/10/2026;Atacadão;LEITE L.VIDA NOLAC;4;UND;6,39;25,56
Atacadao-10.pdf;02/10/2026;Atacadão;PAO ARTESANO BRIOCHE;1;UND;14,48;14,48
Atacadao-10.pdf;02/10/2026;Atacadão;PAO FORMA PULLMAN;3;UND;14,48;43,44
Atacadao-10.pdf;02/10/2026;Atacadão;PAO FRANCES;0,28;KG;17,9;5,01
Atacadao-10.pdf;02/10/2026;Atacadão;TOALHA PAP.SORELLA;1;UND;5,99;5,99
Atacadao-10.pdf;02/10/2026;Atacadão;LA ACO ASSOLAN;1;UND;1,89;1,89
Atacadao-10.pdf;02/10/2026;Atacadão;ESPONJA BRILHUS;1;UND;4,99;4,99
Atacadao-10.pdf;02/10/2026;Atacadão;PAPEL HIG.FLORAL 20M;1;UND;12,5;12,50
Atacadao-10.pdf;02/10/2026;Atacadão;LIMP.PERFUMADO;1;UND;4,99;4,99
Atacadao-10.pdf;02/10/2026;Atacadão;DET.LIQ.LIMPOL;1;UND;2,79;2,79
Atacadao-10.pdf;02/10/2026;Atacadão;AGUA SANIT.CANDURA;1;UND;3,49;3,49
Atacadao-10.pdf;02/10/2026;Atacadão;LYSOCLIN BRUTO;1;UND;11,9;11,90
Atacadao-10.pdf;02/10/2026;Atacadão;SAB.ALBANY;1;UND;1,99;1,99
Atacadao-10.pdf;02/10/2026;Atacadão;SAB.ALBANY;1;UND;1,99;1,99
Atacadao-10.pdf;02/10/2026;Atacadão;SAB.ALBANY;1;UND;1,99;1,99
Atacadao-10.pdf;02/10/2026;Atacadão;SAB.FLOR YPE;1;UND;3,89;3,89
Atacadao-10.pdf;02/10/2026;Atacadão;ABS.SEMPRE LIVRE;1;UND;11,9;11,90
Atacadao-10.pdf;02/10/2026;Atacadão;HASTES COTONELA;1;UND;2,29;2,29
Atacadao-10.pdf;02/10/2026;Atacadão;CR.DENTAL SORRISO DB;1;UND;16,5;16,50
Atacadao-10.pdf;02/10/2026;Atacadão;DES.NIVEA ROLL-ON;1;UND;10,9;10,90
Atacadao-10.pdf;02/10/2026;Atacadão;ESC.DENTAL COLGATE;1;UND;15,9;15,90
Atacadao-10.pdf;02/10/2026;Atacadão;AP.BARB.PRESTO 3;1;UND;18,6;18,60
